"TreeDepth","Offset"
0,"0xffffa486d020c000"
0,"0xffffa486cf8cc001"
0,"0xffffa486cbc82000"
0,"0xffffa486cdd6e001"
0,"0xffffa486ce768001"
0,"0xffffa486cebef001"
0,"0xffffa486ccd69000"
0,"0xffffa486d03ec001"
0,"0xffffa486cf9dd001"
0,"0xffffa486cae87000"
0,"0xffffa486cd623001"
0,"0xffffa486cebda001"
0,"0xffffa486d082e000"
0,"0xffffa486c797a000"
0,"0xffffa486c7b18000"
0,"0xffffa486c7010000"
0,"0xffffa486d0ded001"
0,"0xffffa486cbcbe000"
0,"0xffffa486cdb37000"
0,"0xffffa486cb613001"
0,"0xffffa486cf9da000"
0,"0xffffa486cd841000"
0,"0xffffa486c700b000"
0,"0xffffa486caf4b001"
0,"0xffffa486d0d3b000"
0,"0xffffa486ce769001"
0,"0xffffa486cd5ed001"
0,"0xffffa486cf350001"
0,"0xffffa486d0038000"
0,"0xffffa486d080e001"
0,"0xffffa486d0286001"
0,"0xffffa486cdcdc000"
0,"0xffffa486cef98000"
0,"0xffffa486d0cfb001"
0,"0xffffa486ce9d9001"
0,"0xffffa486cc2f2001"
0,"0xffffa486d3687000"
0,"0xffffa486caaa4000"
0,"0xffffa486c7991000"
0,"0xffffa486cc2ed001"
0,"0xffffa486ca654000"
0,"0xffffa486cac28000"
0,"0xffffa486cdd10000"
0,"0xffffa486c70b4000"
0,"0xffffa486cef8d001"
0,"0xffffa486d02d9000"
0,"0xffffa486cd1d6000"
0,"0xffffa486cbc80000"
0,"0xffffa486cf773000"
0,"0xffffa486cf362001"
0,"0xffffa486cd4b2000"
0,"0xffffa486cd6c9001"
0,"0xffffa486cae85001"
0,"0xffffa486cab8a000"
0,"0xffffa486c7993000"
0,"0xffffa486c770e000"
0,"0xffffa486d01a4001"
